<?xml version = '1.0' encoding = 'ISO-8859-1'?>
<!--This XForm was automatically generated by com.ic3i.xml.BaseFormBuilder on Fri May 17 15:51:11 EDT 2002
    from the 'purchaseOrder' element from the 'purchaseOrder' XML Schema.-->
<envelope xlink:href="forms/purchaseOrder.xml"
        chiba:id="purchaseOrder"
        chiba:name="Purchase Order Form"
        chiba:css-style="ic3i.css"
        xmlns:fo="http://www.w3.org/1999/XSL/Format"
        xmlns:xs="http://www.w3.org/2001/XMLSchema"
        xmlns:xsi="http://www.w3.org/2001/XMLSchema-instance"
        xmlns:xforms="http://www.w3.org/2002/08/xforms/cr"
        xmlns:chiba="http://chiba.sourceforge.net/2001/09/xforms"
        xmlns:xlink="http://www.w3.org/1999/xlink"
        xmlns:doc="purchaseOrder"
        chiba:stylesheet="mixed-content.xsl">
   <xforms:model xforms:id="purchase">
      <xforms:submission xforms:id="save" xforms:action=""/>
      <xforms:instance>
      </xforms:instance>
      <xforms:bind xforms:id="customerId_0" xforms:nodeset="/purchaseOrder/@customerId" xforms:type="string" xforms:required="true()"/>
      <xforms:bind xforms:id="streetAddress_1" xforms:nodeset="/purchaseOrder/headerInformation/streetAddress" xforms:type="string" xforms:required="true()"/>
      <xforms:bind xforms:id="state_or_province_union_2" xforms:nodeset="/purchaseOrder/headerInformation/state_or_province_union" xforms:type="string" xforms:required="true()"/>
      <xforms:bind xforms:id="state_or_province_3" xforms:nodeset="/purchaseOrder/headerInformation/state_or_province" xforms:type="string" xforms:required="true()"/>
      <xforms:bind xforms:id="name_4" xforms:nodeset="/purchaseOrder/headerInformation/name" xforms:type="string" xforms:required="true()"/>
      <xforms:bind xforms:id="rushDelivery_5" xforms:nodeset="/purchaseOrder/headerInformation/rushDelivery" xforms:type="boolean" xforms:required="true()"/>
      <xforms:bind xforms:id="customerType_6" xforms:nodeset="/purchaseOrder/phoneNumber/@customerType" xforms:type="NMTOKEN" xforms:required="true()"/>
      <xforms:bind xforms:id="areaCode_7" xforms:nodeset="/purchaseOrder/phoneNumber/areaCode" xforms:type="string" xforms:required="true()"/>
      <xforms:bind xforms:id="number_8" xforms:nodeset="/purchaseOrder/phoneNumber/number" xforms:type="nonNegativeInteger" xforms:required="true()"/>
      <xforms:bind xforms:id="longEnum_9" xforms:nodeset="/purchaseOrder/phoneNumber/longEnum" xforms:type="NMTOKEN" xforms:required="true()" xforms:constraint="not(purchaseOrder/phoneNumber/longEnum = '[Select Long Enum]')"/>
      <xforms:bind xforms:id="shortEnum_10" xforms:nodeset="/purchaseOrder/phoneNumber/shortEnum" xforms:type="NMTOKEN" xforms:required="true()"/>
      <xforms:bind xforms:id="longList_11" xforms:nodeset="/purchaseOrder/phoneNumber/longList" xforms:type="NMTOKEN" xforms:required="true()"/>
      <xforms:bind xforms:id="shortList_12" xforms:nodeset="/purchaseOrder/phoneNumber/shortList" xforms:type="NMTOKEN" xforms:required="true()"/>
   </xforms:model>
   <chiba:form>
      <xforms:trigger xforms:id="save-trigger" xforms:submission="save">
         <xforms:label>Submit</xforms:label>
         <!-- <xforms:submitInstance xforms:submission="debug"/> -->
      </xforms:trigger>
      <xforms:group>
         <xforms:label>Purchase Order</xforms:label>
         <xforms:hint>Comment describing your root element</xforms:hint>

         <xforms:input xforms:bind="customerId_0">
            <xforms:label>Customer Id: </xforms:label>
            <xforms:alert>Please provide a valid value for 'Customer Id'. 'Customer Id' is a required field.</xforms:alert>
         </xforms:input>

         <xforms:group>
            <xforms:label>Header Information</xforms:label>
             <table>
                <tr>
                    <td>
                        <xforms:extension>
                            <chiba:label-copy ref-id="street"/>
                        </xforms:extension>
                    </td>
                    <td>
                        <xforms:input xforms:bind="streetAddress_1">
                           <xforms:label xforms:id="street">Street Address</xforms:label>
                           <xforms:alert>Please provide a valid value for 'Street Address'. 'Street Address' is a required field.</xforms:alert>
                           <xforms:hint>Enter the street address. For example, 160 Manitoba Street.</xforms:hint>
                        </xforms:input>
                    </td>
                </tr>
                <tr>
                    <td>
                        <xforms:extension>
                            <chiba:label-copy ref-id="state"/>
                        </xforms:extension>
                    </td>
                    <td>
                        <xforms:input xforms:bind="state_or_province_union_2">
                           <xforms:label xforms:id="state">State Or Province Union</xforms:label>
                           <xforms:alert>Please provide a valid value for 'State Or Province Union'. 'State Or Province Union' is a required anySimpleType field.</xforms:alert>
                        </xforms:input>
                    </td>
                </tr>
                <tr>
                    <td>
                        <xforms:extension>
                            <chiba:label-copy ref-id="state2"/>
                        </xforms:extension>
                    </td>
                    <td>
                        <xforms:input xforms:bind="state_or_province_3">
                           <xforms:label xforms:id="state2">State Or Province</xforms:label>
                           <xforms:alert>Please provide a valid value for 'State Or Province'. 'State Or Province' is a required field.</xforms:alert>
                        </xforms:input>
                    </td>
                </tr>
                <tr>
                    <td>
                        <xforms:extension>
                            <chiba:label-copy ref-id="name"/>
                        </xforms:extension>
                    </td>
                    <td>
                        <xforms:input xforms:bind="name_4">
                           <xforms:label xforms:id="name">Name</xforms:label>
                           <xforms:alert>Please provide a valid value for 'Name'. 'Name' is a required field.</xforms:alert>
                        </xforms:input>
                    </td>
                </tr>
                <tr>
                    <td>
                        <xforms:extension>
                            <chiba:label-copy ref-id="delivery"/>
                        </xforms:extension>
                    </td>
                    <td>
                        <xforms:selectBoolean xforms:bind="rushDelivery_5">
                           <xforms:label xforms:id="delivery">Rush Delivery</xforms:label>
                           <xforms:alert>Please provide a valid value for 'Rush Delivery'. 'Rush Delivery' is a required boolean field.</xforms:alert>
                        </xforms:selectBoolean>
                    </td>
                </tr>
             </table>
         </xforms:group>
         <xforms:group>
            <xforms:label>Phone Number</xforms:label>
            <xforms:select1 xforms:appearance="minimal" xforms:bind="customerType_6">
               <xforms:choices>
                  <xforms:item>
                     <xforms:label>Business Customer</xforms:label>
                     <xforms:value>BUSINESS_CUSTOMER</xforms:value>
                  </xforms:item>
                  <xforms:item>
                     <xforms:label>Residential Customer</xforms:label>
                     <xforms:value>RESIDENTIAL_CUSTOMER</xforms:value>
                  </xforms:item>
               </xforms:choices>
               <xforms:label>Customer Type</xforms:label>
               <xforms:alert>Please provide a valid value for 'Customer Type'. 'Customer Type' is a required field.</xforms:alert>
            </xforms:select1>
            <xforms:input xforms:bind="areaCode_7">
               <xforms:label>Area Code</xforms:label>
               <xforms:alert>Please provide a valid value for 'Area Code'. 'Area Code' is a required field.</xforms:alert>
            </xforms:input>
            <xforms:input xforms:bind="number_8">
               <xforms:label>Number</xforms:label>
               <xforms:alert>Please provide a valid value for 'Number'. 'Number' is a required decimal field.</xforms:alert>
            </xforms:input>
            <xforms:select1 xforms:appearance="minimal" xforms:bind="longEnum_9">
               <xforms:choices>
                  <xforms:item>
                     <xforms:label>[Select Long Enum]</xforms:label>
                     <xforms:value>[Select Long Enum]</xforms:value>
                  </xforms:item>
                  <xforms:item>
                     <xforms:label>Eighth Value</xforms:label>
                     <xforms:value>EIGHTH_VALUE</xforms:value>
                  </xforms:item>
                  <xforms:item>
                     <xforms:label>Fifth Value</xforms:label>
                     <xforms:value>FIFTH_VALUE</xforms:value>
                  </xforms:item>
                  <xforms:item>
                     <xforms:label>First Value</xforms:label>
                     <xforms:value>FIRST_VALUE</xforms:value>
                  </xforms:item>
                  <xforms:item>
                     <xforms:label>Fourth Value</xforms:label>
                     <xforms:value>FOURTH_VALUE</xforms:value>
                  </xforms:item>
                  <xforms:item>
                     <xforms:label>Ninth Value</xforms:label>
                     <xforms:value>NINTH_VALUE</xforms:value>
                  </xforms:item>
                  <xforms:item>
                     <xforms:label>Second Value</xforms:label>
                     <xforms:value>SECOND_VALUE</xforms:value>
                  </xforms:item>
                  <xforms:item>
                     <xforms:label>Seventh Value</xforms:label>
                     <xforms:value>SEVENTH_VALUE</xforms:value>
                  </xforms:item>
                  <xforms:item>
                     <xforms:label>Sixth Value</xforms:label>
                     <xforms:value>SIXTH_VALUE</xforms:value>
                  </xforms:item>
                  <xforms:item>
                     <xforms:label>Tenth Value</xforms:label>
                     <xforms:value>TENTH_VALUE</xforms:value>
                  </xforms:item>
                  <xforms:item>
                     <xforms:label>Third Value</xforms:label>
                     <xforms:value>THIRD_VALUE</xforms:value>
                  </xforms:item>
               </xforms:choices>
               <xforms:label>Long Enum</xforms:label>
               <xforms:alert>Please provide a valid value for 'Long Enum'. 'Long Enum' is a required field.</xforms:alert>
            </xforms:select1>
            <xforms:select1 xforms:appearance="full" xforms:bind="shortEnum_10">
               <xforms:choices>
                  <xforms:item>
                     <xforms:label>First Value</xforms:label>
                     <xforms:value>FIRST_VALUE</xforms:value>
                  </xforms:item>
                  <xforms:item>
                     <xforms:label>Fourth Value</xforms:label>
                     <xforms:value>FOURTH_VALUE</xforms:value>
                  </xforms:item>
                  <xforms:item>
                     <xforms:label>Second Value</xforms:label>
                     <xforms:value>SECOND_VALUE</xforms:value>
                  </xforms:item>
                  <xforms:item>
                     <xforms:label>Third Value</xforms:label>
                     <xforms:value>THIRD_VALUE</xforms:value>
                  </xforms:item>
               </xforms:choices>
               <xforms:label>Short Enum</xforms:label>
               <xforms:alert>Please provide a valid value for 'Short Enum'. 'Short Enum' is a required field.</xforms:alert>
            </xforms:select1>
            <xforms:select xforms:appearance="minimal" xforms:bind="longList_11">
               <xforms:choices>
                  <xforms:item>
                     <xforms:label>Eighth Value</xforms:label>
                     <xforms:value>EIGHTH_VALUE</xforms:value>
                  </xforms:item>
                  <xforms:item>
                     <xforms:label>Fifth Value</xforms:label>
                     <xforms:value>FIFTH_VALUE</xforms:value>
                  </xforms:item>
                  <xforms:item>
                     <xforms:label>First Value</xforms:label>
                     <xforms:value>FIRST_VALUE</xforms:value>
                  </xforms:item>
                  <xforms:item>
                     <xforms:label>Fourth Value</xforms:label>
                     <xforms:value>FOURTH_VALUE</xforms:value>
                  </xforms:item>
                  <xforms:item>
                     <xforms:label>Ninth Value</xforms:label>
                     <xforms:value>NINTH_VALUE</xforms:value>
                  </xforms:item>
                  <xforms:item>
                     <xforms:label>Second Value</xforms:label>
                     <xforms:value>SECOND_VALUE</xforms:value>
                  </xforms:item>
                  <xforms:item>
                     <xforms:label>Seventh Value</xforms:label>
                     <xforms:value>SEVENTH_VALUE</xforms:value>
                  </xforms:item>
                  <xforms:item>
                     <xforms:label>Sixth Value</xforms:label>
                     <xforms:value>SIXTH_VALUE</xforms:value>
                  </xforms:item>
                  <xforms:item>
                     <xforms:label>Tenth Value</xforms:label>
                     <xforms:value>TENTH_VALUE</xforms:value>
                  </xforms:item>
                  <xforms:item>
                     <xforms:label>Third Value</xforms:label>
                     <xforms:value>THIRD_VALUE</xforms:value>
                  </xforms:item>
               </xforms:choices>
               <xforms:label>Long List</xforms:label>
               <xforms:alert>Please provide a valid value for 'Long List'. 'Long List' is a required field.</xforms:alert>
            </xforms:select>
            <xforms:select xforms:appearance="full" xforms:bind="shortList_12">
               <xforms:choices>
                  <xforms:item>
                     <xforms:label>First Value</xforms:label>
                     <xforms:value>FIRST_VALUE</xforms:value>
                  </xforms:item>
                  <xforms:item>
                     <xforms:label>Fourth Value</xforms:label>
                     <xforms:value>FOURTH_VALUE</xforms:value>
                  </xforms:item>
                  <xforms:item>
                     <xforms:label>Second Value</xforms:label>
                     <xforms:value>SECOND_VALUE</xforms:value>
                  </xforms:item>
                  <xforms:item>
                     <xforms:label>Third Value</xforms:label>
                     <xforms:value>THIRD_VALUE</xforms:value>
                  </xforms:item>
               </xforms:choices>
               <xforms:label>Short List</xforms:label>
               <xforms:alert>Please provide a valid value for 'Short List'. 'Short List' is a required field.</xforms:alert>
            </xforms:select>
         </xforms:group>
      </xforms:group>
   </chiba:form>
</envelope>


